{"stats":{"minecraft:used":{"minecraft:netherite_sword":7,"minecraft:dispenser":169,"minecraft:redstone":654,"minecraft:oak_sign":2,"minecraft:chest":10,"minecraft:tinted_glass":15,"minecraft:sculk_sensor":6,"minecraft:oak_door":5,"minecraft:debug_stick":112,"minecraft:torch":13,"minecraft:soul_sand":11,"minecraft:target":5,"minecraft:hopper":8,"minecraft:crafter":1,"minecraft:obsidian":373,"minecraft:glass":20,"minecraft:lava_bucket":55,"minecraft:grass_block":1273,"minecraft:slime_block":22,"minecraft:glowstone":141,"minecraft:repeater":136,"minecraft:redstone_lamp":176,"minecraft:bow":10,"minecraft:furnace":25,"minecraft:minecart":12,"minecraft:stone_pressure_plate":17,"minecraft:observer":303,"minecraft:water_bucket":19,"minecraft:dropper":19,"minecraft:birch_planks":359,"minecraft:powered_rail":68,"minecraft:sandstone":8,"minecraft:redstone_block":3,"minecraft:white_wool":4,"minecraft:glow_item_frame":3,"minecraft:rail":110,"minecraft:comparator":13,"minecraft:tnt":207,"minecraft:oak_slab":4,"minecraft:crafting_table":3,"minecraft:blue_ice":5,"minecraft:painting":10,"minecraft:redstone_torch":100,"minecraft:sticky_piston":171,"minecraft:lever":46,"minecraft:activator_rail":4,"minecraft:firework_rocket":50,"minecraft:command_block":1,"minecraft:wind_charge":65,"minecraft:oak_button":5,"minecraft:barrier":108,"minecraft:stone_button":5,"minecraft:tnt_minecart":265,"minecraft:detector_rail":5,"minecraft:oak_pressure_plate":42,"minecraft:iron_door":2,"minecraft:potion":1,"minecraft:polished_blackstone_button":2,"minecraft:white_concrete":433,"minecraft:waxed_copper_bulb":3,"minecraft:birch_stairs":8},"minecraft:picked_up":{"minecraft:crafting_table":1,"minecraft:wheat":1,"minecraft:redstone_lamp":7,"minecraft:lead":5,"minecraft:wind_charge":1,"minecraft:compass":1,"minecraft:sticky_piston":2,"minecraft:oak_sign":1,"minecraft:activator_rail":1,"minecraft:tnt_minecart":11,"minecraft:netherite_sword":2,"minecraft:beef":6,"minecraft:redstone_torch":14,"minecraft:observer":2,"minecraft:tinted_glass":1,"minecraft:chest":1,"minecraft:egg":1,"minecraft:furnace":1,"minecraft:sandstone":1,"minecraft:oak_door":3,"minecraft:glow_item_frame":1,"minecraft:torch":2,"minecraft:stone_button":2,"minecraft:redstone":43,"minecraft:stone_pressure_plate":1,"minecraft:tnt":8547,"minecraft:gold_ingot":60,"minecraft:mutton":6,"minecraft:obsidian":3,"minecraft:rail":12,"minecraft:white_wool":5,"minecraft:clock":1,"minecraft:repeater":12,"minecraft:leather":3,"minecraft:crafter":1,"minecraft:birch_planks":1,"minecraft:waxed_copper_bulb":1,"minecraft:bow":1,"minecraft:powered_rail":2,"minecraft:soul_sand":4,"minecraft:debug_stick":1,"minecraft:oak_pressure_plate":2,"minecraft:dropper":1,"minecraft:birch_stairs":1,"minecraft:grass_block":3,"minecraft:sculk_sensor":1,"minecraft:dispenser":3,"minecraft:slime_block":1,"minecraft:lever":7,"minecraft:polished_blackstone_button":1,"minecraft:blue_ice":1,"minecraft:bread":32,"minecraft:oak_button":3,"minecraft:hopper":1},"minecraft:killed":{"minecraft:bat":2,"minecraft:sheep":4,"minecraft:cow":8},"minecraft:dropped":{"minecraft:bread":1,"minecraft:soul_sand":4,"minecraft:birch_planks":1,"minecraft:clock":1,"minecraft:oak_pressure_plate":1,"minecraft:tnt":3,"minecraft:crafting_table":1,"minecraft:crafter":1,"minecraft:glow_item_frame":1,"minecraft:observer":2,"minecraft:spruce_door":2,"minecraft:polished_blackstone_button":1,"minecraft:grass_block":5,"minecraft:rail":6,"minecraft:redstone_lamp":7,"minecraft:stone_button":3,"minecraft:torch":1,"minecraft:dispenser":5,"minecraft:repeater":4,"minecraft:tnt_minecart":1,"minecraft:waxed_copper_bulb":1,"minecraft:white_wool":2,"minecraft:birch_stairs":1,"minecraft:gold_ingot":60,"minecraft:redstone":1,"minecraft:oak_door":3,"minecraft:furnace":1,"minecraft:compass":1,"minecraft:lever":2,"minecraft:tinted_glass":1,"minecraft:netherite_sword":2,"minecraft:sticky_piston":3,"minecraft:wheat":1,"minecraft:obsidian":3,"minecraft:sculk_sensor":1,"minecraft:comparator":1,"minecraft:slime_block":1,"minecraft:debug_stick":1,"minecraft:oak_sign":1,"minecraft:wind_charge":1,"minecraft:oak_button":3,"minecraft:dropper":1,"minecraft:hopper":1,"minecraft:blue_ice":1,"minecraft:chest":1,"minecraft:redstone_torch":2,"minecraft:stone_pressure_plate":1,"minecraft:sandstone":1,"minecraft:bow":1,"minecraft:powered_rail":1},"minecraft:crafted":{"minecraft:clock":1,"minecraft:compass":1,"minecraft:redstone_torch":1},"minecraft:custom":{"minecraft:inspect_dropper":6,"minecraft:mob_kills":14,"minecraft:inspect_hopper":4,"minecraft:interact_with_crafting_table":5,"minecraft:leave_game":9,"minecraft:time_since_death":144641,"minecraft:sprint_one_cm":10925,"minecraft:walk_one_cm":713071,"minecraft:drop":87,"minecraft:talked_to_villager":1,"minecraft:play_time":671581,"minecraft:deaths":3,"minecraft:sneak_time":12221,"minecraft:walk_under_water_one_cm":7,"minecraft:jump":779,"minecraft:walk_on_water_one_cm":15520,"minecraft:total_world_time":675310,"minecraft:interact_with_furnace":4,"minecraft:time_since_rest":144672,"minecraft:damage_taken":640,"minecraft:damage_dealt":770,"minecraft:minecart_one_cm":67117,"minecraft:fly_one_cm":1132813,"minecraft:open_chest":30,"minecraft:crouch_one_cm":13082,"minecraft:aviate_one_cm":1372815,"minecraft:inspect_dispenser":81}},"DataVersion":3953}