{"stats":{"minecraft:used":{"minecraft:stone_bricks":4,"minecraft:lever":12,"minecraft:polished_blackstone_pressure_plate":1,"minecraft:hopper":31,"minecraft:crafter":15,"minecraft:chest":26,"minecraft:polished_blackstone_button":2,"minecraft:observer":35,"minecraft:smooth_stone":90},"minecraft:picked_up":{"minecraft:stick":9,"minecraft:iron_ingot":1728,"minecraft:gold_ingot":1728,"minecraft:redstone":3456,"minecraft:chest":1,"minecraft:hopper":1},"minecraft:dropped":{"minecraft:hopper":1,"minecraft:chest":1},"minecraft:custom":{"minecraft:time_since_rest":23352,"minecraft:open_chest":20,"minecraft:crouch_one_cm":1035,"minecraft:play_time":23352,"minecraft:walk_one_cm":66732,"minecraft:sneak_time":1257,"minecraft:drop":2,"minecraft:jump":93,"minecraft:inspect_hopper":4,"minecraft:leave_game":4,"minecraft:time_since_death":23352,"minecraft:total_world_time":25347,"minecraft:fly_one_cm":18742}},"DataVersion":3953}