{"stats":{"minecraft:used":{"minecraft:oak_fence":5,"minecraft:wheat_seeds":3,"minecraft:moss_carpet":2,"minecraft:water_bucket":14,"minecraft:netherite_sword":40,"minecraft:bamboo_mosaic":273,"minecraft:cow_spawn_egg":4,"minecraft:enchanting_table":1,"minecraft:spruce_door":3,"minecraft:dropper":17,"minecraft:dispenser":5,"minecraft:birch_planks":36,"minecraft:bundle":8,"minecraft:oak_planks":12,"minecraft:waxed_weathered_copper_door":1,"minecraft:powered_rail":7,"minecraft:redstone":300,"minecraft:bamboo_sign":1,"minecraft:ladder":2,"minecraft:spruce_planks":9,"minecraft:chest":7,"minecraft:tinted_glass":68,"minecraft:sandstone":43,"minecraft:redstone_block":2,"minecraft:beacon":4,"minecraft:sheep_spawn_egg":4,"minecraft:glow_ink_sac":4,"minecraft:spruce_fence_gate":7,"minecraft:farmland":6,"minecraft:anvil":1,"minecraft:white_wool":22,"minecraft:bamboo_mosaic_stairs":8,"minecraft:dirt":22,"minecraft:torch":23,"minecraft:glow_berries":3,"minecraft:soul_sand":3,"minecraft:rail":24,"minecraft:sand":4,"minecraft:comparator":16,"minecraft:tnt":3,"minecraft:crafting_table":2,"minecraft:cyan_glazed_terracotta":2,"minecraft:hopper":4,"minecraft:red_bed":6,"minecraft:crafter":2,"minecraft:spruce_stairs":2,"minecraft:carrot":3,"minecraft:blue_ice":1,"minecraft:gray_concrete":2060,"minecraft:spruce_fence":26,"minecraft:spruce_log":359,"minecraft:pumpkin_seeds":3,"minecraft:obsidian":193,"minecraft:redstone_torch":28,"minecraft:sticky_piston":114,"minecraft:glass":3,"minecraft:netherite_block":394,"minecraft:lever":42,"minecraft:honey_block":76,"minecraft:black_wool":1,"minecraft:black_concrete":1,"minecraft:stone_button":3,"minecraft:heavy_weighted_pressure_plate":1,"minecraft:acacia_door":6,"minecraft:grass_block":105,"minecraft:light_gray_concrete":6,"minecraft:gray_stained_glass_pane":10,"minecraft:spruce_button":3,"minecraft:iron_block":25,"minecraft:lantern":36,"minecraft:slime_block":40,"minecraft:oak_button":3,"minecraft:pig_spawn_egg":4,"minecraft:spruce_pressure_plate":3,"minecraft:chicken_spawn_egg":4,"minecraft:detector_rail":1,"minecraft:netherite_hoe":12,"minecraft:spruce_trapdoor":9,"minecraft:oak_pressure_plate":1,"minecraft:iron_door":1,"minecraft:spruce_hanging_sign":3,"minecraft:barrel":17,"minecraft:melon_seeds":3,"minecraft:stone_bricks":247,"minecraft:item_frame":2,"minecraft:repeater":19,"minecraft:glowstone":18,"minecraft:redstone_lamp":12,"minecraft:potion":25,"minecraft:sweet_berries":3,"minecraft:oak_sapling":1,"minecraft:stripped_oak_wood":420,"minecraft:smithing_table":3,"minecraft:beetroot_seeds":3,"minecraft:gold_block":14,"minecraft:minecart":1,"minecraft:chain":1,"minecraft:glass_pane":69,"minecraft:stripped_oak_log":2,"minecraft:stone_pressure_plate":7,"minecraft:potato":3,"minecraft:white_concrete":2413,"minecraft:red_dye":4,"minecraft:observer":143},"minecraft:picked_up":{"minecraft:glow_ink_sac":3,"minecraft:potion":2,"minecraft:glass_pane":7,"minecraft:stone_bricks":3,"minecraft:comparator":1,"minecraft:redstone_torch":1,"minecraft:chest":1,"minecraft:spruce_trapdoor":1,"minecraft:egg":4,"minecraft:sandstone":1,"minecraft:dropper":2,"minecraft:spruce_log":8,"minecraft:grass_block":3,"minecraft:redstone":10,"minecraft:tnt":576,"minecraft:bamboo_mosaic":1,"minecraft:bundle":4,"minecraft:lever":3,"minecraft:glowstone":1,"minecraft:white_concrete":36,"minecraft:gold_ingot":1,"minecraft:bread":22},"minecraft:killed":{"minecraft:bat":19,"minecraft:glow_squid":1},"minecraft:dropped":{"minecraft:lever":1,"minecraft:bamboo_mosaic":1,"minecraft:comparator":1,"minecraft:grass_block":3,"minecraft:glass_pane":7,"minecraft:spruce_trapdoor":1,"minecraft:bundle":4,"minecraft:dropper":2,"minecraft:white_concrete":3,"minecraft:glowstone":1,"minecraft:chest":1,"minecraft:potion":2,"minecraft:stone_bricks":3,"minecraft:spruce_log":8,"minecraft:sandstone":1,"minecraft:red_dye":1,"minecraft:redstone":3},"minecraft:crafted":{"minecraft:clock":1,"minecraft:netherite_chestplate":4,"minecraft:netherite_leggings":3,"minecraft:netherite_boots":4,"minecraft:compass":1,"minecraft:netherite_helmet":3,"minecraft:redstone_torch":1},"minecraft:custom":{"minecraft:interact_with_smithing_table":10,"minecraft:inspect_dropper":6,"minecraft:mob_kills":20,"minecraft:interact_with_anvil":2,"minecraft:interact_with_crafting_table":4,"minecraft:open_barrel":3,"minecraft:leave_game":9,"minecraft:time_since_death":412701,"minecraft:sleep_in_bed":2,"minecraft:climb_one_cm":328,"minecraft:time_since_rest":222071,"minecraft:sprint_one_cm":113520,"minecraft:damage_taken":320,"minecraft:walk_one_cm":859976,"minecraft:drop":43,"minecraft:minecart_one_cm":8215,"minecraft:damage_dealt":1415,"minecraft:interact_with_beacon":13,"minecraft:fly_one_cm":1027155,"minecraft:open_chest":15,"minecraft:crouch_one_cm":66,"minecraft:play_time":619085,"minecraft:deaths":1,"minecraft:sneak_time":2369,"minecraft:jump":443,"minecraft:walk_on_water_one_cm":2438,"minecraft:total_world_time":620299,"minecraft:inspect_dispenser":28}},"DataVersion":3953}