{"stats":{"minecraft:used":{"minecraft:structure_block":5,"minecraft:redstone_torch":12,"minecraft:lever":5,"minecraft:light":5,"minecraft:jigsaw":4,"minecraft:command_block":1,"minecraft:crafting_table":2,"minecraft:dispenser":3,"minecraft:redstone":68,"minecraft:barrier":13,"minecraft:oak_planks":46,"minecraft:stone_button":7,"minecraft:repeating_command_block":4,"minecraft:stone_pressure_plate":3,"minecraft:structure_void":3,"minecraft:weathered_copper_door":1},"minecraft:crafted":{"minecraft:clock":1,"minecraft:redstone_torch":1,"minecraft:compass":1},"minecraft:custom":{"minecraft:time_since_rest":12880,"minecraft:sprint_one_cm":1593,"minecraft:play_time":74326,"minecraft:deaths":1,"minecraft:walk_one_cm":50072,"minecraft:walk_under_water_one_cm":4736,"minecraft:jump":79,"minecraft:leave_game":1,"minecraft:walk_on_water_one_cm":10367,"minecraft:time_since_death":12836,"minecraft:total_world_time":81726,"minecraft:interact_with_crafting_table":2,"minecraft:fly_one_cm":196416,"minecraft:inspect_dispenser":3},"minecraft:picked_up":{"minecraft:redstone_torch":3,"minecraft:stone_button":1,"minecraft:redstone":6}},"DataVersion":3953}