{"stats":{"minecraft:mined":{"minecraft:glass":1},"minecraft:used":{"minecraft:sticky_piston":4,"minecraft:redstone_torch":20,"minecraft:glass":2,"minecraft:lever":30,"minecraft:lava_bucket":1,"minecraft:command_block":3,"minecraft:glass_bottle":7,"minecraft:oak_button":9,"minecraft:grass_block":33,"minecraft:dispenser":5,"minecraft:redstone":102,"minecraft:stone_button":2,"minecraft:chest":3,"minecraft:tinted_glass":152,"minecraft:stone":2,"minecraft:spruce_sign":3,"minecraft:torch":1,"minecraft:sand":97,"minecraft:repeater":24,"minecraft:redstone_lamp":16,"minecraft:dirt":12,"minecraft:hopper":34,"minecraft:furnace":2,"minecraft:crafter":9,"minecraft:blast_furnace":2,"minecraft:chain_command_block":5,"minecraft:netherite_pickaxe":1,"minecraft:repeating_command_block":5,"minecraft:observer":156},"minecraft:picked_up":{"minecraft:stick":2,"minecraft:raw_iron":1480,"minecraft:repeater":1,"minecraft:potion":18,"minecraft:sand":58,"minecraft:redstone":5,"minecraft:netherite_pickaxe":1,"minecraft:glass":1,"minecraft:lever":5,"minecraft:bucket":6,"minecraft:iron_ingot":537,"minecraft:redstone_torch":2,"minecraft:observer":1,"minecraft:iron_nugget":348,"minecraft:oak_button":4,"minecraft:oak_planks":528},"minecraft:dropped":{"minecraft:lava_bucket":1,"minecraft:iron_ingot":5,"minecraft:hopper":1,"minecraft:raw_iron":309,"minecraft:oak_planks":284,"minecraft:observer":1,"minecraft:redstone":1},"minecraft:custom":{"minecraft:time_since_rest":112897,"minecraft:interact_with_furnace":14,"minecraft:sprint_one_cm":1070,"minecraft:walk_one_cm":165392,"minecraft:drop":30,"minecraft:inspect_hopper":114,"minecraft:fly_one_cm":124207,"minecraft:open_chest":4,"minecraft:crouch_one_cm":746,"minecraft:play_time":112897,"minecraft:sneak_time":2621,"minecraft:walk_under_water_one_cm":22544,"minecraft:jump":577,"minecraft:interact_with_blast_furnace":16,"minecraft:leave_game":7,"minecraft:walk_on_water_one_cm":9841,"minecraft:time_since_death":112897,"minecraft:climb_one_cm":417,"minecraft:total_world_time":144806,"minecraft:inspect_dispenser":23}},"DataVersion":3953}