{"stats":{"minecraft:used":{"minecraft:water_bucket":13,"minecraft:trident":25,"minecraft:dropper":6,"minecraft:waxed_weathered_copper_bulb":8,"minecraft:armor_stand":4,"minecraft:redstone":408,"minecraft:dispenser":183,"minecraft:powered_rail":6,"minecraft:oak_sign":11,"minecraft:chest":4,"minecraft:tinted_glass":5,"minecraft:sculk_sensor":2,"minecraft:debug_stick":158,"minecraft:white_wool":14,"minecraft:torch":27,"minecraft:soul_sand":2,"minecraft:rail":9,"minecraft:comparator":25,"minecraft:tnt":31,"minecraft:hopper":3,"minecraft:waxed_copper_door":1,"minecraft:obsidian":1733,"minecraft:redstone_torch":77,"minecraft:sticky_piston":39,"minecraft:lever":110,"minecraft:honey_block":18,"minecraft:crying_obsidian":1,"minecraft:wind_charge":163,"minecraft:stone_button":7,"minecraft:iron_block":152,"minecraft:string":26,"minecraft:grass_block":138,"minecraft:heavy_weighted_pressure_plate":4,"minecraft:lantern":2,"minecraft:light_weighted_pressure_plate":4,"minecraft:slime_block":2,"minecraft:netherite_axe":2,"minecraft:tnt_minecart":337,"minecraft:detector_rail":1,"minecraft:tripwire_hook":2,"minecraft:repeater":20,"minecraft:redstone_lamp":107,"minecraft:magma_block":1,"minecraft:smithing_table":1,"minecraft:minecart":1,"minecraft:bucket":1,"minecraft:gold_block":5,"minecraft:oxidized_copper_door":4,"minecraft:stone_pressure_plate":6,"minecraft:observer":52},"minecraft:crafted":{"minecraft:netherite_chestplate":2,"minecraft:netherite_leggings":2,"minecraft:netherite_boots":2,"minecraft:netherite_helmet":2},"minecraft:dropped":{"minecraft:wheat_seeds":2,"minecraft:tnt":6,"minecraft:smithing_table":2,"minecraft:sticky_piston":2,"minecraft:obsidian":6,"minecraft:cobblestone":25,"minecraft:lantern":1,"minecraft:observer":1,"minecraft:comparator":1,"minecraft:slime_block":2,"minecraft:wind_charge":2,"minecraft:poppy":1,"minecraft:redstone_lamp":1,"minecraft:torch":1,"minecraft:stone_button":1,"minecraft:heavy_weighted_pressure_plate":2,"minecraft:dispenser":2,"minecraft:dropper":1,"minecraft:repeater":4,"minecraft:hopper":1,"minecraft:chest":2,"minecraft:painting":2,"minecraft:dandelion":2,"minecraft:redstone":3},"minecraft:custom":{"minecraft:interact_with_smithing_table":2,"minecraft:inspect_dropper":1,"minecraft:inspect_hopper":1,"minecraft:leave_game":5,"minecraft:time_since_death":582794,"minecraft:time_since_rest":582794,"minecraft:sprint_one_cm":1449,"minecraft:walk_one_cm":288012,"minecraft:drop":73,"minecraft:minecart_one_cm":31854,"minecraft:damage_dealt":0,"minecraft:fly_one_cm":275680,"minecraft:open_chest":19,"minecraft:crouch_one_cm":12659,"minecraft:play_time":582794,"minecraft:sneak_time":13465,"minecraft:walk_under_water_one_cm":14368,"minecraft:jump":769,"minecraft:walk_on_water_one_cm":23606,"minecraft:total_world_time":869646,"minecraft:inspect_dispenser":43},"minecraft:picked_up":{"minecraft:azure_bluet":1,"minecraft:repeater":3,"minecraft:smithing_table":2,"minecraft:wind_charge":1,"minecraft:heavy_weighted_pressure_plate":5,"minecraft:lantern":1,"minecraft:sticky_piston":1,"minecraft:wheat_seeds":2,"minecraft:comparator":1,"minecraft:redstone_torch":6,"minecraft:observer":1,"minecraft:poppy":1,"minecraft:chest":2,"minecraft:torch":2,"minecraft:dropper":1,"minecraft:dandelion":3,"minecraft:stone_button":1,"minecraft:redstone":4,"minecraft:tnt":344,"minecraft:slime_block":2,"minecraft:lever":19,"minecraft:painting":1,"minecraft:obsidian":5,"minecraft:hopper":1,"minecraft:cobblestone":62}},"DataVersion":3953}