{"stats":{"minecraft:picked_up":{"minecraft:coarse_dirt":329,"minecraft:crafting_table":2,"minecraft:wheat":568,"minecraft:anvil":2,"minecraft:lead":2,"minecraft:redstone_lamp":2,"minecraft:diamond_sword":16,"minecraft:amethyst_block":1,"minecraft:oak_trapdoor":15,"minecraft:red_bed":2,"minecraft:iron_axe":19,"minecraft:glass_pane":2,"minecraft:diamond_leggings":6,"minecraft:beef":239,"minecraft:redstone_torch":3,"minecraft:observer":16,"minecraft:azalea":12,"minecraft:poppy":9,"minecraft:chest":1,"minecraft:piston":17,"minecraft:tipped_arrow":331,"minecraft:end_stone":98,"minecraft:copper_ingot":294,"minecraft:oak_fence":2,"minecraft:torch":1,"minecraft:mooshroom_spawn_egg":1,"minecraft:spruce_stairs":1,"minecraft:note_block":1,"minecraft:porkchop":2,"minecraft:villager_spawn_egg":1,"minecraft:stone_button":2,"minecraft:carrot":64,"minecraft:redstone":514,"minecraft:tnt":12566,"minecraft:stone_sword":6,"minecraft:arrow":101,"minecraft:rotten_flesh":3,"minecraft:diamond_chestplate":7,"minecraft:bamboo_sign":4,"minecraft:diamond_boots":7,"minecraft:carved_pumpkin":4,"minecraft:end_rod":4,"minecraft:totem_of_undying":82,"minecraft:netherite_chestplate":1,"minecraft:obsidian":64,"minecraft:iron_bars":12,"minecraft:white_wool":1,"minecraft:cobblestone":7,"minecraft:netherite_boots":1,"minecraft:cooked_beef":27,"minecraft:repeater":6,"minecraft:water_bucket":2,"minecraft:leather":138,"minecraft:smoker":1,"minecraft:crafter":1,"minecraft:bedrock":2,"minecraft:oak_log":2,"minecraft:gunpowder":4,"minecraft:netherite_leggings":1,"minecraft:sculk_vein":1,"minecraft:dirt":223,"minecraft:white_banner":28,"minecraft:cooked_mutton":16,"minecraft:bone":1,"minecraft:yellow_stained_glass":1,"minecraft:spruce_wood":2,"minecraft:iron_ingot":32,"minecraft:diamond_helmet":7,"minecraft:powered_rail":1,"minecraft:iron_sword":9,"minecraft:oak_planks":5,"minecraft:oak_slab":2,"minecraft:debug_stick":1,"minecraft:white_stained_glass_pane":2,"minecraft:cooked_porkchop":33,"minecraft:axolotl_bucket":5,"minecraft:oak_pressure_plate":6,"minecraft:gravel":7,"minecraft:blast_furnace":1,"minecraft:grass_block":14,"minecraft:diamond_block":128,"minecraft:mossy_cobblestone":1,"minecraft:dispenser":11,"minecraft:slime_ball":385,"minecraft:netherite_helmet":1,"minecraft:lever":19,"minecraft:yellow_stained_glass_pane":2,"minecraft:diamond_axe":7,"minecraft:bread":14,"minecraft:emerald":138,"minecraft:oak_button":10,"minecraft:ender_pearl":1,"minecraft:diamond_pickaxe":12},"minecraft:used":{"minecraft:azalea":83,"minecraft:oak_trapdoor":25,"minecraft:ender_dragon_spawn_egg":14,"minecraft:trident":47,"minecraft:stone_sword":15,"minecraft:flint_and_steel":28,"minecraft:carved_pumpkin":1,"minecraft:dispenser":303,"minecraft:redstone":646,"minecraft:bamboo_sign":5,"minecraft:wither_spawn_egg":1,"minecraft:chest":24,"minecraft:iron_sword":511,"minecraft:warped_sign":3,"minecraft:netherrack":22,"minecraft:debug_stick":301,"minecraft:oak_door":2,"minecraft:orange_stained_glass":1,"minecraft:torch":8,"minecraft:dirt":49,"minecraft:soul_sand":9,"minecraft:anvil":7,"minecraft:hopper":8,"minecraft:crafter":4,"minecraft:spruce_stairs":14,"minecraft:diamond_helmet":1,"minecraft:oak_wood":11,"minecraft:axolotl_bucket":2,"minecraft:obsidian":334,"minecraft:warden_spawn_egg":3,"minecraft:glass":10,"minecraft:lava_bucket":306,"minecraft:villager_spawn_egg":149,"minecraft:yellow_stained_glass":13,"minecraft:spruce_wood":5,"minecraft:red_wool":11,"minecraft:grass_block":92,"minecraft:totem_of_undying":1,"minecraft:repeater":74,"minecraft:red_stained_glass_pane":4,"minecraft:slime_spawn_egg":4,"minecraft:diamond_chestplate":1,"minecraft:bedrock":71,"minecraft:reinforced_deepslate":15,"minecraft:redstone_lamp":21,"minecraft:bow":163,"minecraft:lime_stained_glass":5,"minecraft:furnace":2,"minecraft:white_stained_glass_pane":2,"minecraft:minecart":6,"minecraft:stone_pressure_plate":5,"minecraft:cooked_beef":5,"minecraft:observer":133,"minecraft:deepslate_brick_wall":39,"minecraft:water_bucket":76,"minecraft:diamond_boots":1,"minecraft:end_rod":6,"minecraft:amethyst_block":33,"minecraft:cow_spawn_egg":1,"minecraft:spruce_door":3,"minecraft:dropper":7,"minecraft:stone_pickaxe":54,"minecraft:red_stained_glass":15,"minecraft:powered_rail":70,"minecraft:oak_planks":494,"minecraft:ender_pearl":1,"minecraft:iron_golem_spawn_egg":8,"minecraft:redstone_block":14,"minecraft:diamond_axe":43,"minecraft:cobblestone_slab":10,"minecraft:vindicator_spawn_egg":77,"minecraft:white_wool":113,"minecraft:diamond_block":38,"minecraft:rail":11,"minecraft:comparator":32,"minecraft:tnt":94,"minecraft:oak_slab":40,"minecraft:crafting_table":9,"minecraft:red_bed":1,"minecraft:blast_furnace":3,"minecraft:yellow_stained_glass_pane":2,"minecraft:blue_ice":21,"minecraft:note_block":29,"minecraft:end_stone":110,"minecraft:smoker":4,"minecraft:sticky_piston":32,"minecraft:redstone_torch":36,"minecraft:enderman_spawn_egg":32,"minecraft:piston":23,"minecraft:lever":40,"minecraft:diamond_pickaxe":33,"minecraft:ender_eye":12,"minecraft:apple":5,"minecraft:firework_rocket":118,"minecraft:mace":11,"minecraft:heavy_weighted_pressure_plate":4,"minecraft:bogged_spawn_egg":14,"minecraft:bread":5,"minecraft:stone_button":9,"minecraft:oak_button":42,"minecraft:pig_spawn_egg":9,"minecraft:detector_rail":8,"minecraft:oak_pressure_plate":10,"minecraft:iron_door":4,"minecraft:evoker_spawn_egg":24,"minecraft:diamond_sword":323,"minecraft:cobblestone":4,"minecraft:end_crystal":5,"minecraft:white_banner":6,"minecraft:grindstone":14,"minecraft:smithing_table":1,"minecraft:bucket":3,"minecraft:repeating_command_block":14,"minecraft:end_portal_frame":14,"minecraft:stripped_oak_log":80,"minecraft:diamond_leggings":1,"minecraft:sculk_vein":6,"minecraft:oak_fence":3,"minecraft:waxed_copper_bulb":1},"minecraft:custom":{"minecraft:interact_with_anvil":11,"minecraft:mob_kills":616,"minecraft:inspect_hopper":4,"minecraft:interact_with_crafting_table":3,"minecraft:leave_game":9,"minecraft:time_since_death":1523,"minecraft:climb_one_cm":2326,"minecraft:damage_resisted":4944,"minecraft:sprint_one_cm":538056,"minecraft:walk_one_cm":730332,"minecraft:drop":510,"minecraft:talked_to_villager":134,"minecraft:play_time":653334,"minecraft:sneak_time":27673,"minecraft:deaths":23,"minecraft:walk_under_water_one_cm":1316,"minecraft:jump":2666,"minecraft:walk_on_water_one_cm":53723,"minecraft:total_world_time":661852,"minecraft:interact_with_furnace":4,"minecraft:traded_with_villager":25,"minecraft:tune_noteblock":340,"minecraft:time_since_rest":1603,"minecraft:damage_taken":5238,"minecraft:minecart_one_cm":66913,"minecraft:damage_dealt":49088,"minecraft:swim_one_cm":1120,"minecraft:fly_one_cm":2381272,"minecraft:open_chest":65,"minecraft:crouch_one_cm":32846,"minecraft:interact_with_smoker":3,"minecraft:fall_one_cm":109633,"minecraft:inspect_dispenser":185},"minecraft:dropped":{"minecraft:water_bucket":1,"minecraft:evoker_spawn_egg":64,"minecraft:bread":1,"minecraft:iron_sword":3,"minecraft:oak_slab":2,"minecraft:piston":4,"minecraft:diamond_axe":1,"minecraft:clock":1,"minecraft:oak_pressure_plate":7,"minecraft:cooked_beef":2,"minecraft:tnt":797,"minecraft:crafting_table":3,"minecraft:oak_fence":2,"minecraft:crafter":1,"minecraft:sculk_vein":2,"minecraft:observer":3,"minecraft:amethyst_block":1,"minecraft:red_stained_glass":1,"minecraft:copper_ingot":198,"minecraft:bedrock":3,"minecraft:spruce_stairs":1,"minecraft:grass_block":1,"minecraft:enderman_spawn_egg":1,"minecraft:end_rod":2,"minecraft:emerald":55,"minecraft:redstone_lamp":1,"minecraft:dirt":71,"minecraft:stone_button":1,"minecraft:dispenser":6,"minecraft:repeater":1,"minecraft:white_banner":7,"minecraft:iron_axe":16,"minecraft:redstone":472,"minecraft:oak_door":1,"minecraft:gravel":7,"minecraft:note_block":1,"minecraft:anvil":2,"minecraft:compass":1,"minecraft:lever":5,"minecraft:oak_trapdoor":4,"minecraft:coarse_dirt":329,"minecraft:rotten_flesh":3,"minecraft:grindstone":1,"minecraft:comparator":1,"minecraft:oak_planks":1,"minecraft:villager_spawn_egg":2,"minecraft:smoker":1,"minecraft:yellow_stained_glass":1,"minecraft:cooked_mutton":16,"minecraft:totem_of_undying":38,"minecraft:carrot":704,"minecraft:blast_furnace":1,"minecraft:diamond_sword":10,"minecraft:tipped_arrow":5,"minecraft:gunpowder":2,"minecraft:oak_wood":1,"minecraft:diamond_pickaxe":6,"minecraft:azalea":5,"minecraft:chest":1,"minecraft:spruce_wood":2,"minecraft:carved_pumpkin":3,"minecraft:redstone_torch":3,"minecraft:slime_ball":14,"minecraft:glass":1},"minecraft:killed":{"minecraft:vindicator":31,"minecraft:slime":380,"minecraft:wither":1,"minecraft:skeleton":1,"minecraft:warden":2,"minecraft:pig":10,"minecraft:iron_golem":6,"minecraft:creeper":2,"minecraft:sheep":1,"minecraft:trader_llama":2,"minecraft:villager":97,"minecraft:cow":20},"minecraft:mined":{"minecraft:mossy_cobblestone":1,"minecraft:red_stained_glass":1,"minecraft:end_stone":32,"minecraft:carved_pumpkin":1,"minecraft:grass_block":51,"minecraft:anvil":1,"minecraft:azalea":8,"minecraft:white_banner":3,"minecraft:glass_pane":2,"minecraft:reinforced_deepslate":2,"minecraft:observer":10,"minecraft:dandelion":1,"minecraft:oak_wood":1,"minecraft:white_stained_glass_pane":2,"minecraft:glass":1,"minecraft:cobblestone":7,"minecraft:wall_torch":1,"minecraft:yellow_stained_glass_pane":2,"minecraft:oak_log":2,"minecraft:dirt":51,"minecraft:yellow_stained_glass":1,"minecraft:piston":1,"minecraft:redstone_lamp":1},"minecraft:killed_by":{"minecraft:vindicator":8},"minecraft:crafted":{"minecraft:coarse_dirt":71,"minecraft:oak_planks":8,"minecraft:redstone":8,"minecraft:cobblestone_slab":12,"minecraft:iron_axe":18,"minecraft:cooked_beef":25,"minecraft:iron_sword":6,"minecraft:clock":1,"minecraft:compass":1,"minecraft:iron_block":3,"minecraft:redstone_torch":1}},"DataVersion":3953}