{"stats":{"minecraft:custom":{"minecraft:jump":11,"minecraft:time_since_rest":13146,"minecraft:crouch_one_cm":143,"minecraft:leave_game":1,"minecraft:play_time":13146,"minecraft:time_since_death":13146,"minecraft:walk_one_cm":13240,"minecraft:sneak_time":239,"minecraft:total_world_time":15700,"minecraft:fly_one_cm":57195},"minecraft:used":{"minecraft:redstone":11,"minecraft:glass":28,"minecraft:lever":9,"minecraft:acacia_stairs":25,"minecraft:mangrove_log":20,"minecraft:redstone_lamp":16,"minecraft:acacia_planks":97,"minecraft:birch_door":2,"minecraft:light_blue_wool":3}},"DataVersion":3700}