{"stats":{"minecraft:used":{"minecraft:redstone_torch":28,"minecraft:waxed_oxidized_copper_door":4,"minecraft:waxed_exposed_copper_door":1,"minecraft:sticky_piston":8,"minecraft:lever":12,"minecraft:packed_ice":4,"minecraft:light":3,"minecraft:activator_rail":3,"minecraft:snow_block":8,"minecraft:waxed_weathered_copper_door":2,"minecraft:heavy_weighted_pressure_plate":1,"minecraft:redstone":18,"minecraft:grass_block":1,"minecraft:oak_button":11,"minecraft:powered_rail":2,"minecraft:barrier":6,"minecraft:ladder":6,"minecraft:smooth_sandstone":9,"minecraft:tnt_minecart":2,"minecraft:tinted_glass":23,"minecraft:sandstone":6,"minecraft:stone":120,"minecraft:jungle_hanging_sign":2,"minecraft:gravel":2,"minecraft:rail":3,"minecraft:dirt":5,"minecraft:repeater":3,"minecraft:redstone_lamp":32,"minecraft:target":5,"minecraft:snow":8,"minecraft:loom":3,"minecraft:black_banner":53,"minecraft:repeating_command_block":6,"minecraft:blue_ice":3,"minecraft:ice":14,"minecraft:granite":2,"minecraft:obsidian":86},"minecraft:picked_up":{"minecraft:gravel":7,"minecraft:sand":1,"minecraft:redstone":5,"minecraft:lever":1,"minecraft:redstone_torch":2,"minecraft:tinted_glass":12,"minecraft:cobblestone":16},"minecraft:custom":{"minecraft:time_since_rest":68331,"minecraft:sprint_one_cm":492,"minecraft:walk_one_cm":140211,"minecraft:fly_one_cm":47629,"minecraft:crouch_one_cm":277,"minecraft:play_time":68331,"minecraft:interact_with_loom":7,"minecraft:sneak_time":753,"minecraft:walk_under_water_one_cm":15703,"minecraft:jump":231,"minecraft:leave_game":5,"minecraft:time_since_death":68331,"minecraft:walk_on_water_one_cm":17721,"minecraft:total_world_time":86235,"minecraft:climb_one_cm":4728}},"DataVersion":3953}