{"stats":{"minecraft:used":{"minecraft:redstone_torch":13,"minecraft:sticky_piston":113,"minecraft:honey_block":63,"minecraft:lever":15,"minecraft:sea_lantern":3,"minecraft:villager_spawn_egg":1,"minecraft:command_block":1,"minecraft:slime_block":110,"minecraft:prismarine":28,"minecraft:redstone":105,"minecraft:polished_andesite":96,"minecraft:oak_button":4,"minecraft:oak_planks":107,"minecraft:oak_sign":2,"minecraft:chicken_spawn_egg":14,"minecraft:lectern":7,"minecraft:chest":8,"minecraft:stone":57,"minecraft:glow_ink_sac":1,"minecraft:stone_bricks":131,"minecraft:polished_blackstone_pressure_plate":1,"minecraft:repeater":5,"minecraft:redstone_lamp":26,"minecraft:comparator":15,"minecraft:hopper":23,"minecraft:gray_bed":2,"minecraft:polished_diorite_stairs":7,"minecraft:repeating_command_block":30,"minecraft:smooth_stone_slab":11,"minecraft:waxed_oxidized_copper_bulb":5,"minecraft:polished_blackstone_button":33,"minecraft:crimson_pressure_plate":62,"minecraft:observer":87,"minecraft:smooth_stone":351,"minecraft:waxed_copper_bulb":4,"minecraft:obsidian":109},"minecraft:picked_up":{"minecraft:chicken":1,"minecraft:feather":1,"minecraft:crimson_pressure_plate":6,"minecraft:repeater":1,"minecraft:redstone":5,"minecraft:lever":1,"minecraft:oak_button":1,"minecraft:egg":1},"minecraft:dropped":{"minecraft:crimson_pressure_plate":2,"minecraft:repeater":1,"minecraft:hopper":1,"minecraft:comparator":1,"minecraft:chicken_spawn_egg":1,"minecraft:redstone":3},"minecraft:custom":{"minecraft:time_since_rest":80776,"minecraft:sprint_one_cm":6568,"minecraft:damage_taken":920,"minecraft:walk_one_cm":216098,"minecraft:drop":9,"minecraft:inspect_hopper":1,"minecraft:damage_dealt":60,"minecraft:fly_one_cm":136533,"minecraft:crouch_one_cm":1311,"minecraft:play_time":149363,"minecraft:deaths":2,"minecraft:sneak_time":2970,"minecraft:interact_with_lectern":1,"minecraft:jump":406,"minecraft:leave_game":5,"minecraft:time_since_death":80751,"minecraft:total_world_time":183724}},"DataVersion":3953}